Statistik_Code;Statistik_Label;Zeit_Code;Zeit_Label;Zeit;1_Merkmal_Code;1_Merkmal_Label;1_Auspraegung_Code;1_Auspraegung_Label;BIP006__Bruttoinlandsprodukt_zu_Marktpreisen_i.jew.Preisen__Mill._EUR
82111;VGR der Länder: Entstehungsrechnung;JAHR;Jahr;1991;DLAND;Bundesländer;08;Baden-Württemberg;242884
82111;VGR der Länder: Entstehungsrechnung;JAHR;Jahr;1991;DLAND;Bundesländer;09;Bayern;263313
82111;VGR der Länder: Entstehungsrechnung;JAHR;Jahr;1991;DLAND;Bundesländer;11;Berlin;68089
82111;VGR der Länder: Entstehungsrechnung;JAHR;Jahr;1991;DLAND;Bundesländer;12;Brandenburg;19683
82111;VGR der Länder: Entstehungsrechnung;JAHR;Jahr;1991;DLAND;Bundesländer;04;Bremen;18853
82111;VGR der Länder: Entstehungsrechnung;JAHR;Jahr;1991;DLAND;Bundesländer;02;Hamburg;61137
82111;VGR der Länder: Entstehungsrechnung;JAHR;Jahr;1991;DLAND;Bundesländer;06;Hessen;150304
82111;VGR der Länder: Entstehungsrechnung;JAHR;Jahr;1991;DLAND;Bundesländer;13;Mecklenburg-Vorpommern;14312
82111;VGR der Länder: Entstehungsrechnung;JAHR;Jahr;1991;DLAND;Bundesländer;03;Niedersachsen;144406
82111;VGR der Länder: Entstehungsrechnung;JAHR;Jahr;1991;DLAND;Bundesländer;05;Nordrhein-Westfalen;379917
82111;VGR der Länder: Entstehungsrechnung;JAHR;Jahr;1991;DLAND;Bundesländer;07;Rheinland-Pfalz;76346
82111;VGR der Länder: Entstehungsrechnung;JAHR;Jahr;1991;DLAND;Bundesländer;10;Saarland;21435
82111;VGR der Länder: Entstehungsrechnung;JAHR;Jahr;1991;DLAND;Bundesländer;14;Sachsen;36618
82111;VGR der Länder: Entstehungsrechnung;JAHR;Jahr;1991;DLAND;Bundesländer;15;Sachsen-Anhalt;20503
82111;VGR der Länder: Entstehungsrechnung;JAHR;Jahr;1991;DLAND;Bundesländer;01;Schleswig-Holstein;50969
82111;VGR der Länder: Entstehungsrechnung;JAHR;Jahr;1991;DLAND;Bundesländer;16;Thüringen;17029
82111;VGR der Länder: Entstehungsrechnung;JAHR;Jahr;1991;DINSG;Deutschland;DG;Deutschland;1585800
82111;VGR der Länder: Entstehungsrechnung;JAHR;Jahr;1992;DLAND;Bundesländer;08;Baden-Württemberg;255866
82111;VGR der Länder: Entstehungsrechnung;JAHR;Jahr;1992;DLAND;Bundesländer;09;Bayern;283121
82111;VGR der Länder: Entstehungsrechnung;JAHR;Jahr;1992;DLAND;Bundesländer;11;Berlin;75252
82111;VGR der Länder: Entstehungsrechnung;JAHR;Jahr;1992;DLAND;Bundesländer;12;Brandenburg;24556
82111;VGR der Länder: Entstehungsrechnung;JAHR;Jahr;1992;DLAND;Bundesländer;04;Bremen;19427
82111;VGR der Länder: Entstehungsrechnung;JAHR;Jahr;1992;DLAND;Bundesländer;02;Hamburg;63681
82111;VGR der Länder: Entstehungsrechnung;JAHR;Jahr;1992;DLAND;Bundesländer;06;Hessen;158844
82111;VGR der Länder: Entstehungsrechnung;JAHR;Jahr;1992;DLAND;Bundesländer;13;Mecklenburg-Vorpommern;17634
82111;VGR der Länder: Entstehungsrechnung;JAHR;Jahr;1992;DLAND;Bundesländer;03;Niedersachsen;153180
82111;VGR der Länder: Entstehungsrechnung;JAHR;Jahr;1992;DLAND;Bundesländer;05;Nordrhein-Westfalen;400435
82111;VGR der Länder: Entstehungsrechnung;JAHR;Jahr;1992;DLAND;Bundesländer;07;Rheinland-Pfalz;80038
82111;VGR der Länder: Entstehungsrechnung;JAHR;Jahr;1992;DLAND;Bundesländer;10;Saarland;22256
82111;VGR der Länder: Entstehungsrechnung;JAHR;Jahr;1992;DLAND;Bundesländer;14;Sachsen;45533
82111;VGR der Länder: Entstehungsrechnung;JAHR;Jahr;1992;DLAND;Bundesländer;15;Sachsen-Anhalt;25615
82111;VGR der Länder: Entstehungsrechnung;JAHR;Jahr;1992;DLAND;Bundesländer;01;Schleswig-Holstein;53885
82111;VGR der Länder: Entstehungsrechnung;JAHR;Jahr;1992;DLAND;Bundesländer;16;Thüringen;22738
82111;VGR der Länder: Entstehungsrechnung;JAHR;Jahr;1992;DINSG;Deutschland;DG;Deutschland;1702060
82111;VGR der Länder: Entstehungsrechnung;JAHR;Jahr;1993;DLAND;Bundesländer;08;Baden-Württemberg;253742
82111;VGR der Länder: Entstehungsrechnung;JAHR;Jahr;1993;DLAND;Bundesländer;09;Bayern;287952
82111;VGR der Länder: Entstehungsrechnung;JAHR;Jahr;1993;DLAND;Bundesländer;11;Berlin;80745
82111;VGR der Länder: Entstehungsrechnung;JAHR;Jahr;1993;DLAND;Bundesländer;12;Brandenburg;29859
82111;VGR der Länder: Entstehungsrechnung;JAHR;Jahr;1993;DLAND;Bundesländer;04;Bremen;19358
82111;VGR der Länder: Entstehungsrechnung;JAHR;Jahr;1993;DLAND;Bundesländer;02;Hamburg;65961
82111;VGR der Länder: Entstehungsrechnung;JAHR;Jahr;1993;DLAND;Bundesländer;06;Hessen;161497
82111;VGR der Länder: Entstehungsrechnung;JAHR;Jahr;1993;DLAND;Bundesländer;13;Mecklenburg-Vorpommern;21113
82111;VGR der Länder: Entstehungsrechnung;JAHR;Jahr;1993;DLAND;Bundesländer;03;Niedersachsen;156156
82111;VGR der Länder: Entstehungsrechnung;JAHR;Jahr;1993;DLAND;Bundesländer;05;Nordrhein-Westfalen;403209
82111;VGR der Länder: Entstehungsrechnung;JAHR;Jahr;1993;DLAND;Bundesländer;07;Rheinland-Pfalz;79944
82111;VGR der Länder: Entstehungsrechnung;JAHR;Jahr;1993;DLAND;Bundesländer;10;Saarland;21922
82111;VGR der Länder: Entstehungsrechnung;JAHR;Jahr;1993;DLAND;Bundesländer;14;Sachsen;55172
82111;VGR der Länder: Entstehungsrechnung;JAHR;Jahr;1993;DLAND;Bundesländer;15;Sachsen-Anhalt;31476
82111;VGR der Länder: Entstehungsrechnung;JAHR;Jahr;1993;DLAND;Bundesländer;01;Schleswig-Holstein;54916
82111;VGR der Länder: Entstehungsrechnung;JAHR;Jahr;1993;DLAND;Bundesländer;16;Thüringen;27870
82111;VGR der Länder: Entstehungsrechnung;JAHR;Jahr;1993;DINSG;Deutschland;DG;Deutschland;1750890
82111;VGR der Länder: Entstehungsrechnung;JAHR;Jahr;1994;DLAND;Bundesländer;08;Baden-Württemberg;262645
82111;VGR der Länder: Entstehungsrechnung;JAHR;Jahr;1994;DLAND;Bundesländer;09;Bayern;298303
82111;VGR der Länder: Entstehungsrechnung;JAHR;Jahr;1994;DLAND;Bundesländer;11;Berlin;83400
82111;VGR der Länder: Entstehungsrechnung;JAHR;Jahr;1994;DLAND;Bundesländer;12;Brandenburg;34453
82111;VGR der Länder: Entstehungsrechnung;JAHR;Jahr;1994;DLAND;Bundesländer;04;Bremen;19979
82111;VGR der Länder: Entstehungsrechnung;JAHR;Jahr;1994;DLAND;Bundesländer;02;Hamburg;67960
82111;VGR der Länder: Entstehungsrechnung;JAHR;Jahr;1994;DLAND;Bundesländer;06;Hessen;165682
82111;VGR der Länder: Entstehungsrechnung;JAHR;Jahr;1994;DLAND;Bundesländer;13;Mecklenburg-Vorpommern;24462
82111;VGR der Länder: Entstehungsrechnung;JAHR;Jahr;1994;DLAND;Bundesländer;03;Niedersachsen;162564
82111;VGR der Länder: Entstehungsrechnung;JAHR;Jahr;1994;DLAND;Bundesländer;05;Nordrhein-Westfalen;414887
82111;VGR der Länder: Entstehungsrechnung;JAHR;Jahr;1994;DLAND;Bundesländer;07;Rheinland-Pfalz;82936
82111;VGR der Länder: Entstehungsrechnung;JAHR;Jahr;1994;DLAND;Bundesländer;10;Saarland;22906
82111;VGR der Länder: Entstehungsrechnung;JAHR;Jahr;1994;DLAND;Bundesländer;14;Sachsen;63987
82111;VGR der Länder: Entstehungsrechnung;JAHR;Jahr;1994;DLAND;Bundesländer;15;Sachsen-Anhalt;36204
82111;VGR der Länder: Entstehungsrechnung;JAHR;Jahr;1994;DLAND;Bundesländer;01;Schleswig-Holstein;56662
82111;VGR der Länder: Entstehungsrechnung;JAHR;Jahr;1994;DLAND;Bundesländer;16;Thüringen;32519
82111;VGR der Länder: Entstehungsrechnung;JAHR;Jahr;1994;DINSG;Deutschland;DG;Deutschland;1829550
82111;VGR der Länder: Entstehungsrechnung;JAHR;Jahr;1995;DLAND;Bundesländer;08;Baden-Württemberg;271747
82111;VGR der Länder: Entstehungsrechnung;JAHR;Jahr;1995;DLAND;Bundesländer;09;Bayern;306797
82111;VGR der Länder: Entstehungsrechnung;JAHR;Jahr;1995;DLAND;Bundesländer;11;Berlin;85751
82111;VGR der Länder: Entstehungsrechnung;JAHR;Jahr;1995;DLAND;Bundesländer;12;Brandenburg;37890
82111;VGR der Länder: Entstehungsrechnung;JAHR;Jahr;1995;DLAND;Bundesländer;04;Bremen;20392
82111;VGR der Länder: Entstehungsrechnung;JAHR;Jahr;1995;DLAND;Bundesländer;02;Hamburg;69616
82111;VGR der Länder: Entstehungsrechnung;JAHR;Jahr;1995;DLAND;Bundesländer;06;Hessen;170247
82111;VGR der Länder: Entstehungsrechnung;JAHR;Jahr;1995;DLAND;Bundesländer;13;Mecklenburg-Vorpommern;26726
82111;VGR der Länder: Entstehungsrechnung;JAHR;Jahr;1995;DLAND;Bundesländer;03;Niedersachsen;164423
82111;VGR der Länder: Entstehungsrechnung;JAHR;Jahr;1995;DLAND;Bundesländer;05;Nordrhein-Westfalen;429245
82111;VGR der Länder: Entstehungsrechnung;JAHR;Jahr;1995;DLAND;Bundesländer;07;Rheinland-Pfalz;86071
82111;VGR der Länder: Entstehungsrechnung;JAHR;Jahr;1995;DLAND;Bundesländer;10;Saarland;23838
82111;VGR der Länder: Entstehungsrechnung;JAHR;Jahr;1995;DLAND;Bundesländer;14;Sachsen;70361
82111;VGR der Länder: Entstehungsrechnung;JAHR;Jahr;1995;DLAND;Bundesländer;15;Sachsen-Anhalt;38452
82111;VGR der Länder: Entstehungsrechnung;JAHR;Jahr;1995;DLAND;Bundesländer;01;Schleswig-Holstein;58727
82111;VGR der Länder: Entstehungsrechnung;JAHR;Jahr;1995;DLAND;Bundesländer;16;Thüringen;34328
82111;VGR der Länder: Entstehungsrechnung;JAHR;Jahr;1995;DINSG;Deutschland;DG;Deutschland;1894610
82111;VGR der Länder: Entstehungsrechnung;JAHR;Jahr;1996;DLAND;Bundesländer;08;Baden-Württemberg;276777
82111;VGR der Länder: Entstehungsrechnung;JAHR;Jahr;1996;DLAND;Bundesländer;09;Bayern;312206
82111;VGR der Länder: Entstehungsrechnung;JAHR;Jahr;1996;DLAND;Bundesländer;11;Berlin;84993
82111;VGR der Länder: Entstehungsrechnung;JAHR;Jahr;1996;DLAND;Bundesländer;12;Brandenburg;39735
82111;VGR der Länder: Entstehungsrechnung;JAHR;Jahr;1996;DLAND;Bundesländer;04;Bremen;20436
82111;VGR der Länder: Entstehungsrechnung;JAHR;Jahr;1996;DLAND;Bundesländer;02;Hamburg;71178
82111;VGR der Länder: Entstehungsrechnung;JAHR;Jahr;1996;DLAND;Bundesländer;06;Hessen;174469
82111;VGR der Länder: Entstehungsrechnung;JAHR;Jahr;1996;DLAND;Bundesländer;13;Mecklenburg-Vorpommern;27685
82111;VGR der Länder: Entstehungsrechnung;JAHR;Jahr;1996;DLAND;Bundesländer;03;Niedersachsen;165464
82111;VGR der Länder: Entstehungsrechnung;JAHR;Jahr;1996;DLAND;Bundesländer;05;Nordrhein-Westfalen;430662
82111;VGR der Länder: Entstehungsrechnung;JAHR;Jahr;1996;DLAND;Bundesländer;07;Rheinland-Pfalz;86172
82111;VGR der Länder: Entstehungsrechnung;JAHR;Jahr;1996;DLAND;Bundesländer;10;Saarland;23255
82111;VGR der Länder: Entstehungsrechnung;JAHR;Jahr;1996;DLAND;Bundesländer;14;Sachsen;73008
82111;VGR der Länder: Entstehungsrechnung;JAHR;Jahr;1996;DLAND;Bundesländer;15;Sachsen-Anhalt;40069
82111;VGR der Länder: Entstehungsrechnung;JAHR;Jahr;1996;DLAND;Bundesländer;01;Schleswig-Holstein;59664
82111;VGR der Länder: Entstehungsrechnung;JAHR;Jahr;1996;DLAND;Bundesländer;16;Thüringen;35606
82111;VGR der Länder: Entstehungsrechnung;JAHR;Jahr;1996;DINSG;Deutschland;DG;Deutschland;1921380
82111;VGR der Länder: Entstehungsrechnung;JAHR;Jahr;1997;DLAND;Bundesländer;08;Baden-Württemberg;282190
82111;VGR der Länder: Entstehungsrechnung;JAHR;Jahr;1997;DLAND;Bundesländer;09;Bayern;319866
82111;VGR der Länder: Entstehungsrechnung;JAHR;Jahr;1997;DLAND;Bundesländer;11;Berlin;83735
82111;VGR der Länder: Entstehungsrechnung;JAHR;Jahr;1997;DLAND;Bundesländer;12;Brandenburg;40563
82111;VGR der Länder: Entstehungsrechnung;JAHR;Jahr;1997;DLAND;Bundesländer;04;Bremen;21087
82111;VGR der Länder: Entstehungsrechnung;JAHR;Jahr;1997;DLAND;Bundesländer;02;Hamburg;73831
82111;VGR der Länder: Entstehungsrechnung;JAHR;Jahr;1997;DLAND;Bundesländer;06;Hessen;178011
82111;VGR der Länder: Entstehungsrechnung;JAHR;Jahr;1997;DLAND;Bundesländer;13;Mecklenburg-Vorpommern;28134
82111;VGR der Länder: Entstehungsrechnung;JAHR;Jahr;1997;DLAND;Bundesländer;03;Niedersachsen;168598
82111;VGR der Länder: Entstehungsrechnung;JAHR;Jahr;1997;DLAND;Bundesländer;05;Nordrhein-Westfalen;440888
82111;VGR der Länder: Entstehungsrechnung;JAHR;Jahr;1997;DLAND;Bundesländer;07;Rheinland-Pfalz;88827
82111;VGR der Länder: Entstehungsrechnung;JAHR;Jahr;1997;DLAND;Bundesländer;10;Saarland;23730
82111;VGR der Länder: Entstehungsrechnung;JAHR;Jahr;1997;DLAND;Bundesländer;14;Sachsen;72954
82111;VGR der Länder: Entstehungsrechnung;JAHR;Jahr;1997;DLAND;Bundesländer;15;Sachsen-Anhalt;41026
82111;VGR der Länder: Entstehungsrechnung;JAHR;Jahr;1997;DLAND;Bundesländer;01;Schleswig-Holstein;60983
82111;VGR der Länder: Entstehungsrechnung;JAHR;Jahr;1997;DLAND;Bundesländer;16;Thüringen;36727
82111;VGR der Länder: Entstehungsrechnung;JAHR;Jahr;1997;DINSG;Deutschland;DG;Deutschland;1961150
82111;VGR der Länder: Entstehungsrechnung;JAHR;Jahr;1998;DLAND;Bundesländer;08;Baden-Württemberg;291100
82111;VGR der Länder: Entstehungsrechnung;JAHR;Jahr;1998;DLAND;Bundesländer;09;Bayern;333718
82111;VGR der Länder: Entstehungsrechnung;JAHR;Jahr;1998;DLAND;Bundesländer;11;Berlin;84138
82111;VGR der Länder: Entstehungsrechnung;JAHR;Jahr;1998;DLAND;Bundesländer;12;Brandenburg;41617
82111;VGR der Länder: Entstehungsrechnung;JAHR;Jahr;1998;DLAND;Bundesländer;04;Bremen;21354
82111;VGR der Länder: Entstehungsrechnung;JAHR;Jahr;1998;DLAND;Bundesländer;02;Hamburg;75807
82111;VGR der Länder: Entstehungsrechnung;JAHR;Jahr;1998;DLAND;Bundesländer;06;Hessen;181871
82111;VGR der Länder: Entstehungsrechnung;JAHR;Jahr;1998;DLAND;Bundesländer;13;Mecklenburg-Vorpommern;28289
82111;VGR der Länder: Entstehungsrechnung;JAHR;Jahr;1998;DLAND;Bundesländer;03;Niedersachsen;174401
82111;VGR der Länder: Entstehungsrechnung;JAHR;Jahr;1998;DLAND;Bundesländer;05;Nordrhein-Westfalen;452910
82111;VGR der Länder: Entstehungsrechnung;JAHR;Jahr;1998;DLAND;Bundesländer;07;Rheinland-Pfalz;89825
82111;VGR der Länder: Entstehungsrechnung;JAHR;Jahr;1998;DLAND;Bundesländer;10;Saarland;24182
82111;VGR der Länder: Entstehungsrechnung;JAHR;Jahr;1998;DLAND;Bundesländer;14;Sachsen;74098
82111;VGR der Länder: Entstehungsrechnung;JAHR;Jahr;1998;DLAND;Bundesländer;15;Sachsen-Anhalt;41578
82111;VGR der Länder: Entstehungsrechnung;JAHR;Jahr;1998;DLAND;Bundesländer;01;Schleswig-Holstein;61807
82111;VGR der Länder: Entstehungsrechnung;JAHR;Jahr;1998;DLAND;Bundesländer;16;Thüringen;37725
82111;VGR der Länder: Entstehungsrechnung;JAHR;Jahr;1998;DINSG;Deutschland;DG;Deutschland;2014420
82111;VGR der Länder: Entstehungsrechnung;JAHR;Jahr;1999;DLAND;Bundesländer;08;Baden-Württemberg;300727
82111;VGR der Länder: Entstehungsrechnung;JAHR;Jahr;1999;DLAND;Bundesländer;09;Bayern;344292
82111;VGR der Länder: Entstehungsrechnung;JAHR;Jahr;1999;DLAND;Bundesländer;11;Berlin;84770
82111;VGR der Länder: Entstehungsrechnung;JAHR;Jahr;1999;DLAND;Bundesländer;12;Brandenburg;43447
82111;VGR der Länder: Entstehungsrechnung;JAHR;Jahr;1999;DLAND;Bundesländer;04;Bremen;21397
82111;VGR der Länder: Entstehungsrechnung;JAHR;Jahr;1999;DLAND;Bundesländer;02;Hamburg;76312
82111;VGR der Länder: Entstehungsrechnung;JAHR;Jahr;1999;DLAND;Bundesländer;06;Hessen;189130
82111;VGR der Länder: Entstehungsrechnung;JAHR;Jahr;1999;DLAND;Bundesländer;13;Mecklenburg-Vorpommern;29057
82111;VGR der Länder: Entstehungsrechnung;JAHR;Jahr;1999;DLAND;Bundesländer;03;Niedersachsen;178196
82111;VGR der Länder: Entstehungsrechnung;JAHR;Jahr;1999;DLAND;Bundesländer;05;Nordrhein-Westfalen;456587
82111;VGR der Länder: Entstehungsrechnung;JAHR;Jahr;1999;DLAND;Bundesländer;07;Rheinland-Pfalz;91937
82111;VGR der Länder: Entstehungsrechnung;JAHR;Jahr;1999;DLAND;Bundesländer;10;Saarland;24566
82111;VGR der Länder: Entstehungsrechnung;JAHR;Jahr;1999;DLAND;Bundesländer;14;Sachsen;75612
82111;VGR der Länder: Entstehungsrechnung;JAHR;Jahr;1999;DLAND;Bundesländer;15;Sachsen-Anhalt;42088
82111;VGR der Länder: Entstehungsrechnung;JAHR;Jahr;1999;DLAND;Bundesländer;01;Schleswig-Holstein;62417
82111;VGR der Länder: Entstehungsrechnung;JAHR;Jahr;1999;DLAND;Bundesländer;16;Thüringen;38945
82111;VGR der Länder: Entstehungsrechnung;JAHR;Jahr;1999;DINSG;Deutschland;DG;Deutschland;2059480
82111;VGR der Länder: Entstehungsrechnung;JAHR;Jahr;2000;DLAND;Bundesländer;08;Baden-Württemberg;308823
82111;VGR der Länder: Entstehungsrechnung;JAHR;Jahr;2000;DLAND;Bundesländer;09;Bayern;357900
82111;VGR der Länder: Entstehungsrechnung;JAHR;Jahr;2000;DLAND;Bundesländer;11;Berlin;85534
82111;VGR der Länder: Entstehungsrechnung;JAHR;Jahr;2000;DLAND;Bundesländer;12;Brandenburg;44672
82111;VGR der Länder: Entstehungsrechnung;JAHR;Jahr;2000;DLAND;Bundesländer;04;Bremen;22290
82111;VGR der Länder: Entstehungsrechnung;JAHR;Jahr;2000;DLAND;Bundesländer;02;Hamburg;77837
82111;VGR der Länder: Entstehungsrechnung;JAHR;Jahr;2000;DLAND;Bundesländer;06;Hessen;193586
82111;VGR der Länder: Entstehungsrechnung;JAHR;Jahr;2000;DLAND;Bundesländer;13;Mecklenburg-Vorpommern;29253
82111;VGR der Länder: Entstehungsrechnung;JAHR;Jahr;2000;DLAND;Bundesländer;03;Niedersachsen;183712
82111;VGR der Länder: Entstehungsrechnung;JAHR;Jahr;2000;DLAND;Bundesländer;05;Nordrhein-Westfalen;465177
82111;VGR der Länder: Entstehungsrechnung;JAHR;Jahr;2000;DLAND;Bundesländer;07;Rheinland-Pfalz;93617
82111;VGR der Länder: Entstehungsrechnung;JAHR;Jahr;2000;DLAND;Bundesländer;10;Saarland;25343
82111;VGR der Länder: Entstehungsrechnung;JAHR;Jahr;2000;DLAND;Bundesländer;14;Sachsen;75609
82111;VGR der Länder: Entstehungsrechnung;JAHR;Jahr;2000;DLAND;Bundesländer;15;Sachsen-Anhalt;42470
82111;VGR der Länder: Entstehungsrechnung;JAHR;Jahr;2000;DLAND;Bundesländer;01;Schleswig-Holstein;63740
82111;VGR der Länder: Entstehungsrechnung;JAHR;Jahr;2000;DLAND;Bundesländer;16;Thüringen;39525
82111;VGR der Länder: Entstehungsrechnung;JAHR;Jahr;2000;DINSG;Deutschland;DG;Deutschland;2109090
82111;VGR der Länder: Entstehungsrechnung;JAHR;Jahr;2001;DLAND;Bundesländer;08;Baden-Württemberg;323078
82111;VGR der Länder: Entstehungsrechnung;JAHR;Jahr;2001;DLAND;Bundesländer;09;Bayern;371890
82111;VGR der Länder: Entstehungsrechnung;JAHR;Jahr;2001;DLAND;Bundesländer;11;Berlin;86368
82111;VGR der Länder: Entstehungsrechnung;JAHR;Jahr;2001;DLAND;Bundesländer;12;Brandenburg;45764
82111;VGR der Länder: Entstehungsrechnung;JAHR;Jahr;2001;DLAND;Bundesländer;04;Bremen;23073
82111;VGR der Länder: Entstehungsrechnung;JAHR;Jahr;2001;DLAND;Bundesländer;02;Hamburg;82158
82111;VGR der Länder: Entstehungsrechnung;JAHR;Jahr;2001;DLAND;Bundesländer;06;Hessen;200762
82111;VGR der Länder: Entstehungsrechnung;JAHR;Jahr;2001;DLAND;Bundesländer;13;Mecklenburg-Vorpommern;29686
82111;VGR der Länder: Entstehungsrechnung;JAHR;Jahr;2001;DLAND;Bundesländer;03;Niedersachsen;187133
82111;VGR der Länder: Entstehungsrechnung;JAHR;Jahr;2001;DLAND;Bundesländer;05;Nordrhein-Westfalen;475513
82111;VGR der Länder: Entstehungsrechnung;JAHR;Jahr;2001;DLAND;Bundesländer;07;Rheinland-Pfalz;93851
82111;VGR der Länder: Entstehungsrechnung;JAHR;Jahr;2001;DLAND;Bundesländer;10;Saarland;25899
82111;VGR der Länder: Entstehungsrechnung;JAHR;Jahr;2001;DLAND;Bundesländer;14;Sachsen;78042
82111;VGR der Länder: Entstehungsrechnung;JAHR;Jahr;2001;DLAND;Bundesländer;15;Sachsen-Anhalt;43108
82111;VGR der Länder: Entstehungsrechnung;JAHR;Jahr;2001;DLAND;Bundesländer;01;Schleswig-Holstein;65653
82111;VGR der Länder: Entstehungsrechnung;JAHR;Jahr;2001;DLAND;Bundesländer;16;Thüringen;40562
82111;VGR der Länder: Entstehungsrechnung;JAHR;Jahr;2001;DINSG;Deutschland;DG;Deutschland;2172540
82111;VGR der Länder: Entstehungsrechnung;JAHR;Jahr;2002;DLAND;Bundesländer;08;Baden-Württemberg;325510
82111;VGR der Länder: Entstehungsrechnung;JAHR;Jahr;2002;DLAND;Bundesländer;09;Bayern;380498
82111;VGR der Länder: Entstehungsrechnung;JAHR;Jahr;2002;DLAND;Bundesländer;11;Berlin;86096
82111;VGR der Länder: Entstehungsrechnung;JAHR;Jahr;2002;DLAND;Bundesländer;12;Brandenburg;46254
82111;VGR der Länder: Entstehungsrechnung;JAHR;Jahr;2002;DLAND;Bundesländer;04;Bremen;23657
82111;VGR der Länder: Entstehungsrechnung;JAHR;Jahr;2002;DLAND;Bundesländer;02;Hamburg;83116
82111;VGR der Länder: Entstehungsrechnung;JAHR;Jahr;2002;DLAND;Bundesländer;06;Hessen;201389
82111;VGR der Länder: Entstehungsrechnung;JAHR;Jahr;2002;DLAND;Bundesländer;13;Mecklenburg-Vorpommern;29882
82111;VGR der Länder: Entstehungsrechnung;JAHR;Jahr;2002;DLAND;Bundesländer;03;Niedersachsen;186124
82111;VGR der Länder: Entstehungsrechnung;JAHR;Jahr;2002;DLAND;Bundesländer;05;Nordrhein-Westfalen;482970
82111;VGR der Länder: Entstehungsrechnung;JAHR;Jahr;2002;DLAND;Bundesländer;07;Rheinland-Pfalz;95725
82111;VGR der Länder: Entstehungsrechnung;JAHR;Jahr;2002;DLAND;Bundesländer;10;Saarland;25852
82111;VGR der Länder: Entstehungsrechnung;JAHR;Jahr;2002;DLAND;Bundesländer;14;Sachsen;80675
82111;VGR der Länder: Entstehungsrechnung;JAHR;Jahr;2002;DLAND;Bundesländer;15;Sachsen-Anhalt;44511
82111;VGR der Länder: Entstehungsrechnung;JAHR;Jahr;2002;DLAND;Bundesländer;01;Schleswig-Holstein;64774
82111;VGR der Länder: Entstehungsrechnung;JAHR;Jahr;2002;DLAND;Bundesländer;16;Thüringen;41087
82111;VGR der Länder: Entstehungsrechnung;JAHR;Jahr;2002;DINSG;Deutschland;DG;Deutschland;2198120
82111;VGR der Länder: Entstehungsrechnung;JAHR;Jahr;2003;DLAND;Bundesländer;08;Baden-Württemberg;329164
82111;VGR der Länder: Entstehungsrechnung;JAHR;Jahr;2003;DLAND;Bundesländer;09;Bayern;378244
82111;VGR der Länder: Entstehungsrechnung;JAHR;Jahr;2003;DLAND;Bundesländer;11;Berlin;85341
82111;VGR der Länder: Entstehungsrechnung;JAHR;Jahr;2003;DLAND;Bundesländer;12;Brandenburg;46598
82111;VGR der Länder: Entstehungsrechnung;JAHR;Jahr;2003;DLAND;Bundesländer;04;Bremen;24273
82111;VGR der Länder: Entstehungsrechnung;JAHR;Jahr;2003;DLAND;Bundesländer;02;Hamburg;83480
82111;VGR der Länder: Entstehungsrechnung;JAHR;Jahr;2003;DLAND;Bundesländer;06;Hessen;206979
82111;VGR der Länder: Entstehungsrechnung;JAHR;Jahr;2003;DLAND;Bundesländer;13;Mecklenburg-Vorpommern;30070
82111;VGR der Länder: Entstehungsrechnung;JAHR;Jahr;2003;DLAND;Bundesländer;03;Niedersachsen;187462
82111;VGR der Länder: Entstehungsrechnung;JAHR;Jahr;2003;DLAND;Bundesländer;05;Nordrhein-Westfalen;483034
82111;VGR der Länder: Entstehungsrechnung;JAHR;Jahr;2003;DLAND;Bundesländer;07;Rheinland-Pfalz;96358
82111;VGR der Länder: Entstehungsrechnung;JAHR;Jahr;2003;DLAND;Bundesländer;10;Saarland;26107
82111;VGR der Länder: Entstehungsrechnung;JAHR;Jahr;2003;DLAND;Bundesländer;14;Sachsen;82339
82111;VGR der Länder: Entstehungsrechnung;JAHR;Jahr;2003;DLAND;Bundesländer;15;Sachsen-Anhalt;44756
82111;VGR der Länder: Entstehungsrechnung;JAHR;Jahr;2003;DLAND;Bundesländer;01;Schleswig-Holstein;65472
82111;VGR der Länder: Entstehungsrechnung;JAHR;Jahr;2003;DLAND;Bundesländer;16;Thüringen;41894
82111;VGR der Länder: Entstehungsrechnung;JAHR;Jahr;2003;DINSG;Deutschland;DG;Deutschland;2211570
82111;VGR der Länder: Entstehungsrechnung;JAHR;Jahr;2004;DLAND;Bundesländer;08;Baden-Württemberg;333276
82111;VGR der Länder: Entstehungsrechnung;JAHR;Jahr;2004;DLAND;Bundesländer;09;Bayern;390718
82111;VGR der Länder: Entstehungsrechnung;JAHR;Jahr;2004;DLAND;Bundesländer;11;Berlin;85425
82111;VGR der Länder: Entstehungsrechnung;JAHR;Jahr;2004;DLAND;Bundesländer;12;Brandenburg;47824
82111;VGR der Länder: Entstehungsrechnung;JAHR;Jahr;2004;DLAND;Bundesländer;04;Bremen;24446
82111;VGR der Länder: Entstehungsrechnung;JAHR;Jahr;2004;DLAND;Bundesländer;02;Hamburg;85436
82111;VGR der Länder: Entstehungsrechnung;JAHR;Jahr;2004;DLAND;Bundesländer;06;Hessen;209970
82111;VGR der Länder: Entstehungsrechnung;JAHR;Jahr;2004;DLAND;Bundesländer;13;Mecklenburg-Vorpommern;30438
82111;VGR der Länder: Entstehungsrechnung;JAHR;Jahr;2004;DLAND;Bundesländer;03;Niedersachsen;192288
82111;VGR der Länder: Entstehungsrechnung;JAHR;Jahr;2004;DLAND;Bundesländer;05;Nordrhein-Westfalen;496191
82111;VGR der Länder: Entstehungsrechnung;JAHR;Jahr;2004;DLAND;Bundesländer;07;Rheinland-Pfalz;99310
82111;VGR der Länder: Entstehungsrechnung;JAHR;Jahr;2004;DLAND;Bundesländer;10;Saarland;27244
82111;VGR der Länder: Entstehungsrechnung;JAHR;Jahr;2004;DLAND;Bundesländer;14;Sachsen;84603
82111;VGR der Länder: Entstehungsrechnung;JAHR;Jahr;2004;DLAND;Bundesländer;15;Sachsen-Anhalt;45628
82111;VGR der Länder: Entstehungsrechnung;JAHR;Jahr;2004;DLAND;Bundesländer;01;Schleswig-Holstein;66894
82111;VGR der Länder: Entstehungsrechnung;JAHR;Jahr;2004;DLAND;Bundesländer;16;Thüringen;42830
82111;VGR der Länder: Entstehungsrechnung;JAHR;Jahr;2004;DINSG;Deutschland;DG;Deutschland;2262520
82111;VGR der Länder: Entstehungsrechnung;JAHR;Jahr;2005;DLAND;Bundesländer;08;Baden-Württemberg;335789
82111;VGR der Länder: Entstehungsrechnung;JAHR;Jahr;2005;DLAND;Bundesländer;09;Bayern;396416
82111;VGR der Länder: Entstehungsrechnung;JAHR;Jahr;2005;DLAND;Bundesländer;11;Berlin;87188
82111;VGR der Länder: Entstehungsrechnung;JAHR;Jahr;2005;DLAND;Bundesländer;12;Brandenburg;48463
82111;VGR der Länder: Entstehungsrechnung;JAHR;Jahr;2005;DLAND;Bundesländer;04;Bremen;24848
82111;VGR der Länder: Entstehungsrechnung;JAHR;Jahr;2005;DLAND;Bundesländer;02;Hamburg;87135
82111;VGR der Länder: Entstehungsrechnung;JAHR;Jahr;2005;DLAND;Bundesländer;06;Hessen;211230
82111;VGR der Länder: Entstehungsrechnung;JAHR;Jahr;2005;DLAND;Bundesländer;13;Mecklenburg-Vorpommern;30457
82111;VGR der Länder: Entstehungsrechnung;JAHR;Jahr;2005;DLAND;Bundesländer;03;Niedersachsen;197328
82111;VGR der Länder: Entstehungsrechnung;JAHR;Jahr;2005;DLAND;Bundesländer;05;Nordrhein-Westfalen;501286
82111;VGR der Länder: Entstehungsrechnung;JAHR;Jahr;2005;DLAND;Bundesländer;07;Rheinland-Pfalz;99566
82111;VGR der Länder: Entstehungsrechnung;JAHR;Jahr;2005;DLAND;Bundesländer;10;Saarland;28542
82111;VGR der Länder: Entstehungsrechnung;JAHR;Jahr;2005;DLAND;Bundesländer;14;Sachsen;84381
82111;VGR der Länder: Entstehungsrechnung;JAHR;Jahr;2005;DLAND;Bundesländer;15;Sachsen-Anhalt;45599
82111;VGR der Länder: Entstehungsrechnung;JAHR;Jahr;2005;DLAND;Bundesländer;01;Schleswig-Holstein;67269
82111;VGR der Länder: Entstehungsrechnung;JAHR;Jahr;2005;DLAND;Bundesländer;16;Thüringen;42813
82111;VGR der Länder: Entstehungsrechnung;JAHR;Jahr;2005;DINSG;Deutschland;DG;Deutschland;2288310
82111;VGR der Länder: Entstehungsrechnung;JAHR;Jahr;2006;DLAND;Bundesländer;08;Baden-Württemberg;357283
82111;VGR der Länder: Entstehungsrechnung;JAHR;Jahr;2006;DLAND;Bundesländer;09;Bayern;413508
82111;VGR der Länder: Entstehungsrechnung;JAHR;Jahr;2006;DLAND;Bundesländer;11;Berlin;90563
82111;VGR der Länder: Entstehungsrechnung;JAHR;Jahr;2006;DLAND;Bundesländer;12;Brandenburg;50770
82111;VGR der Länder: Entstehungsrechnung;JAHR;Jahr;2006;DLAND;Bundesländer;04;Bremen;26077
82111;VGR der Länder: Entstehungsrechnung;JAHR;Jahr;2006;DLAND;Bundesländer;02;Hamburg;88325
82111;VGR der Länder: Entstehungsrechnung;JAHR;Jahr;2006;DLAND;Bundesländer;06;Hessen;218077
82111;VGR der Länder: Entstehungsrechnung;JAHR;Jahr;2006;DLAND;Bundesländer;13;Mecklenburg-Vorpommern;31448
82111;VGR der Länder: Entstehungsrechnung;JAHR;Jahr;2006;DLAND;Bundesländer;03;Niedersachsen;206858
82111;VGR der Länder: Entstehungsrechnung;JAHR;Jahr;2006;DLAND;Bundesländer;05;Nordrhein-Westfalen;518563
82111;VGR der Länder: Entstehungsrechnung;JAHR;Jahr;2006;DLAND;Bundesländer;07;Rheinland-Pfalz;103467
82111;VGR der Länder: Entstehungsrechnung;JAHR;Jahr;2006;DLAND;Bundesländer;10;Saarland;29768
82111;VGR der Länder: Entstehungsrechnung;JAHR;Jahr;2006;DLAND;Bundesländer;14;Sachsen;88686
82111;VGR der Länder: Entstehungsrechnung;JAHR;Jahr;2006;DLAND;Bundesländer;15;Sachsen-Anhalt;47699
82111;VGR der Länder: Entstehungsrechnung;JAHR;Jahr;2006;DLAND;Bundesländer;01;Schleswig-Holstein;69368
82111;VGR der Länder: Entstehungsrechnung;JAHR;Jahr;2006;DLAND;Bundesländer;16;Thüringen;44619
82111;VGR der Länder: Entstehungsrechnung;JAHR;Jahr;2006;DINSG;Deutschland;DG;Deutschland;2385080
82111;VGR der Länder: Entstehungsrechnung;JAHR;Jahr;2007;DLAND;Bundesländer;08;Baden-Württemberg;377021
82111;VGR der Länder: Entstehungsrechnung;JAHR;Jahr;2007;DLAND;Bundesländer;09;Bayern;433669
82111;VGR der Länder: Entstehungsrechnung;JAHR;Jahr;2007;DLAND;Bundesländer;11;Berlin;94579
82111;VGR der Länder: Entstehungsrechnung;JAHR;Jahr;2007;DLAND;Bundesländer;12;Brandenburg;52819
82111;VGR der Länder: Entstehungsrechnung;JAHR;Jahr;2007;DLAND;Bundesländer;04;Bremen;26985
82111;VGR der Länder: Entstehungsrechnung;JAHR;Jahr;2007;DLAND;Bundesländer;02;Hamburg;91470
82111;VGR der Länder: Entstehungsrechnung;JAHR;Jahr;2007;DLAND;Bundesländer;06;Hessen;226116
82111;VGR der Länder: Entstehungsrechnung;JAHR;Jahr;2007;DLAND;Bundesländer;13;Mecklenburg-Vorpommern;33055
82111;VGR der Länder: Entstehungsrechnung;JAHR;Jahr;2007;DLAND;Bundesländer;03;Niedersachsen;215917
82111;VGR der Länder: Entstehungsrechnung;JAHR;Jahr;2007;DLAND;Bundesländer;05;Nordrhein-Westfalen;548742
82111;VGR der Länder: Entstehungsrechnung;JAHR;Jahr;2007;DLAND;Bundesländer;07;Rheinland-Pfalz;107936
82111;VGR der Länder: Entstehungsrechnung;JAHR;Jahr;2007;DLAND;Bundesländer;10;Saarland;31138
82111;VGR der Länder: Entstehungsrechnung;JAHR;Jahr;2007;DLAND;Bundesländer;14;Sachsen;92657
82111;VGR der Länder: Entstehungsrechnung;JAHR;Jahr;2007;DLAND;Bundesländer;15;Sachsen-Anhalt;49846
82111;VGR der Länder: Entstehungsrechnung;JAHR;Jahr;2007;DLAND;Bundesländer;01;Schleswig-Holstein;71052
82111;VGR der Länder: Entstehungsrechnung;JAHR;Jahr;2007;DLAND;Bundesländer;16;Thüringen;46548
82111;VGR der Länder: Entstehungsrechnung;JAHR;Jahr;2007;DINSG;Deutschland;DG;Deutschland;2499550
82111;VGR der Länder: Entstehungsrechnung;JAHR;Jahr;2008;DLAND;Bundesländer;08;Baden-Württemberg;381903
82111;VGR der Länder: Entstehungsrechnung;JAHR;Jahr;2008;DLAND;Bundesländer;09;Bayern;436940
82111;VGR der Länder: Entstehungsrechnung;JAHR;Jahr;2008;DLAND;Bundesländer;11;Berlin;98968
82111;VGR der Länder: Entstehungsrechnung;JAHR;Jahr;2008;DLAND;Bundesländer;12;Brandenburg;54621
82111;VGR der Länder: Entstehungsrechnung;JAHR;Jahr;2008;DLAND;Bundesländer;04;Bremen;27325
82111;VGR der Länder: Entstehungsrechnung;JAHR;Jahr;2008;DLAND;Bundesländer;02;Hamburg;94516
82111;VGR der Länder: Entstehungsrechnung;JAHR;Jahr;2008;DLAND;Bundesländer;06;Hessen;229183
82111;VGR der Länder: Entstehungsrechnung;JAHR;Jahr;2008;DLAND;Bundesländer;13;Mecklenburg-Vorpommern;33877
82111;VGR der Länder: Entstehungsrechnung;JAHR;Jahr;2008;DLAND;Bundesländer;03;Niedersachsen;221893
82111;VGR der Länder: Entstehungsrechnung;JAHR;Jahr;2008;DLAND;Bundesländer;05;Nordrhein-Westfalen;561833
82111;VGR der Länder: Entstehungsrechnung;JAHR;Jahr;2008;DLAND;Bundesländer;07;Rheinland-Pfalz;109464
82111;VGR der Länder: Entstehungsrechnung;JAHR;Jahr;2008;DLAND;Bundesländer;10;Saarland;31492
82111;VGR der Länder: Entstehungsrechnung;JAHR;Jahr;2008;DLAND;Bundesländer;14;Sachsen;93577
82111;VGR der Länder: Entstehungsrechnung;JAHR;Jahr;2008;DLAND;Bundesländer;15;Sachsen-Anhalt;50592
82111;VGR der Länder: Entstehungsrechnung;JAHR;Jahr;2008;DLAND;Bundesländer;01;Schleswig-Holstein;73298
82111;VGR der Länder: Entstehungsrechnung;JAHR;Jahr;2008;DLAND;Bundesländer;16;Thüringen;47011
82111;VGR der Länder: Entstehungsrechnung;JAHR;Jahr;2008;DINSG;Deutschland;DG;Deutschland;2546490
82111;VGR der Länder: Entstehungsrechnung;JAHR;Jahr;2009;DLAND;Bundesländer;08;Baden-Württemberg;353463
82111;VGR der Länder: Entstehungsrechnung;JAHR;Jahr;2009;DLAND;Bundesländer;09;Bayern;428198
82111;VGR der Länder: Entstehungsrechnung;JAHR;Jahr;2009;DLAND;Bundesländer;11;Berlin;99192
82111;VGR der Länder: Entstehungsrechnung;JAHR;Jahr;2009;DLAND;Bundesländer;12;Brandenburg;53377
82111;VGR der Länder: Entstehungsrechnung;JAHR;Jahr;2009;DLAND;Bundesländer;04;Bremen;24897
82111;VGR der Länder: Entstehungsrechnung;JAHR;Jahr;2009;DLAND;Bundesländer;02;Hamburg;91129
82111;VGR der Länder: Entstehungsrechnung;JAHR;Jahr;2009;DLAND;Bundesländer;06;Hessen;219381
82111;VGR der Länder: Entstehungsrechnung;JAHR;Jahr;2009;DLAND;Bundesländer;13;Mecklenburg-Vorpommern;33583
82111;VGR der Länder: Entstehungsrechnung;JAHR;Jahr;2009;DLAND;Bundesländer;03;Niedersachsen;212367
82111;VGR der Länder: Entstehungsrechnung;JAHR;Jahr;2009;DLAND;Bundesländer;05;Nordrhein-Westfalen;539918
82111;VGR der Länder: Entstehungsrechnung;JAHR;Jahr;2009;DLAND;Bundesländer;07;Rheinland-Pfalz;106163
82111;VGR der Länder: Entstehungsrechnung;JAHR;Jahr;2009;DLAND;Bundesländer;10;Saarland;28517
82111;VGR der Länder: Entstehungsrechnung;JAHR;Jahr;2009;DLAND;Bundesländer;14;Sachsen;90848
82111;VGR der Länder: Entstehungsrechnung;JAHR;Jahr;2009;DLAND;Bundesländer;15;Sachsen-Anhalt;48316
82111;VGR der Länder: Entstehungsrechnung;JAHR;Jahr;2009;DLAND;Bundesländer;01;Schleswig-Holstein;71275
82111;VGR der Länder: Entstehungsrechnung;JAHR;Jahr;2009;DLAND;Bundesländer;16;Thüringen;45106
82111;VGR der Länder: Entstehungsrechnung;JAHR;Jahr;2009;DINSG;Deutschland;DG;Deutschland;2445730
82111;VGR der Länder: Entstehungsrechnung;JAHR;Jahr;2010;DLAND;Bundesländer;08;Baden-Württemberg;382897
82111;VGR der Länder: Entstehungsrechnung;JAHR;Jahr;2010;DLAND;Bundesländer;09;Bayern;452128
82111;VGR der Länder: Entstehungsrechnung;JAHR;Jahr;2010;DLAND;Bundesländer;11;Berlin;103052
82111;VGR der Länder: Entstehungsrechnung;JAHR;Jahr;2010;DLAND;Bundesländer;12;Brandenburg;55770
82111;VGR der Länder: Entstehungsrechnung;JAHR;Jahr;2010;DLAND;Bundesländer;04;Bremen;26358
82111;VGR der Länder: Entstehungsrechnung;JAHR;Jahr;2010;DLAND;Bundesländer;02;Hamburg;93643
82111;VGR der Länder: Entstehungsrechnung;JAHR;Jahr;2010;DLAND;Bundesländer;06;Hessen;226703
82111;VGR der Länder: Entstehungsrechnung;JAHR;Jahr;2010;DLAND;Bundesländer;13;Mecklenburg-Vorpommern;34651
82111;VGR der Länder: Entstehungsrechnung;JAHR;Jahr;2010;DLAND;Bundesländer;03;Niedersachsen;225760
82111;VGR der Länder: Entstehungsrechnung;JAHR;Jahr;2010;DLAND;Bundesländer;05;Nordrhein-Westfalen;554213
82111;VGR der Länder: Entstehungsrechnung;JAHR;Jahr;2010;DLAND;Bundesländer;07;Rheinland-Pfalz;112475
82111;VGR der Länder: Entstehungsrechnung;JAHR;Jahr;2010;DLAND;Bundesländer;10;Saarland;30049
82111;VGR der Länder: Entstehungsrechnung;JAHR;Jahr;2010;DLAND;Bundesländer;14;Sachsen;94818
82111;VGR der Länder: Entstehungsrechnung;JAHR;Jahr;2010;DLAND;Bundesländer;15;Sachsen-Anhalt;51120
82111;VGR der Länder: Entstehungsrechnung;JAHR;Jahr;2010;DLAND;Bundesländer;01;Schleswig-Holstein;72935
82111;VGR der Länder: Entstehungsrechnung;JAHR;Jahr;2010;DLAND;Bundesländer;16;Thüringen;47829
82111;VGR der Länder: Entstehungsrechnung;JAHR;Jahr;2010;DINSG;Deutschland;DG;Deutschland;2564400
82111;VGR der Länder: Entstehungsrechnung;JAHR;Jahr;2011;DLAND;Bundesländer;08;Baden-Württemberg;405608
82111;VGR der Länder: Entstehungsrechnung;JAHR;Jahr;2011;DLAND;Bundesländer;09;Bayern;483475
82111;VGR der Länder: Entstehungsrechnung;JAHR;Jahr;2011;DLAND;Bundesländer;11;Berlin;108111
82111;VGR der Länder: Entstehungsrechnung;JAHR;Jahr;2011;DLAND;Bundesländer;12;Brandenburg;57468
82111;VGR der Länder: Entstehungsrechnung;JAHR;Jahr;2011;DLAND;Bundesländer;04;Bremen;27245
82111;VGR der Länder: Entstehungsrechnung;JAHR;Jahr;2011;DLAND;Bundesländer;02;Hamburg;94664
82111;VGR der Länder: Entstehungsrechnung;JAHR;Jahr;2011;DLAND;Bundesländer;06;Hessen;236927
82111;VGR der Länder: Entstehungsrechnung;JAHR;Jahr;2011;DLAND;Bundesländer;13;Mecklenburg-Vorpommern;36160
82111;VGR der Länder: Entstehungsrechnung;JAHR;Jahr;2011;DLAND;Bundesländer;03;Niedersachsen;239725
82111;VGR der Länder: Entstehungsrechnung;JAHR;Jahr;2011;DLAND;Bundesländer;05;Nordrhein-Westfalen;577123
82111;VGR der Länder: Entstehungsrechnung;JAHR;Jahr;2011;DLAND;Bundesländer;07;Rheinland-Pfalz;117323
82111;VGR der Länder: Entstehungsrechnung;JAHR;Jahr;2011;DLAND;Bundesländer;10;Saarland;31790
82111;VGR der Länder: Entstehungsrechnung;JAHR;Jahr;2011;DLAND;Bundesländer;14;Sachsen;99403
82111;VGR der Länder: Entstehungsrechnung;JAHR;Jahr;2011;DLAND;Bundesländer;15;Sachsen-Anhalt;51983
82111;VGR der Länder: Entstehungsrechnung;JAHR;Jahr;2011;DLAND;Bundesländer;01;Schleswig-Holstein;75930
82111;VGR der Länder: Entstehungsrechnung;JAHR;Jahr;2011;DLAND;Bundesländer;16;Thüringen;50625
82111;VGR der Länder: Entstehungsrechnung;JAHR;Jahr;2011;DINSG;Deutschland;DG;Deutschland;2693560
82111;VGR der Länder: Entstehungsrechnung;JAHR;Jahr;2012;DLAND;Bundesländer;08;Baden-Württemberg;414608
82111;VGR der Länder: Entstehungsrechnung;JAHR;Jahr;2012;DLAND;Bundesländer;09;Bayern;496512
82111;VGR der Länder: Entstehungsrechnung;JAHR;Jahr;2012;DLAND;Bundesländer;11;Berlin;109772
82111;VGR der Länder: Entstehungsrechnung;JAHR;Jahr;2012;DLAND;Bundesländer;12;Brandenburg;58905
82111;VGR der Länder: Entstehungsrechnung;JAHR;Jahr;2012;DLAND;Bundesländer;04;Bremen;28517
82111;VGR der Länder: Entstehungsrechnung;JAHR;Jahr;2012;DLAND;Bundesländer;02;Hamburg;97009
82111;VGR der Länder: Entstehungsrechnung;JAHR;Jahr;2012;DLAND;Bundesländer;06;Hessen;237951
82111;VGR der Länder: Entstehungsrechnung;JAHR;Jahr;2012;DLAND;Bundesländer;13;Mecklenburg-Vorpommern;36421
82111;VGR der Länder: Entstehungsrechnung;JAHR;Jahr;2012;DLAND;Bundesländer;03;Niedersachsen;244817
82111;VGR der Länder: Entstehungsrechnung;JAHR;Jahr;2012;DLAND;Bundesländer;05;Nordrhein-Westfalen;582710
82111;VGR der Länder: Entstehungsrechnung;JAHR;Jahr;2012;DLAND;Bundesländer;07;Rheinland-Pfalz;120490
82111;VGR der Länder: Entstehungsrechnung;JAHR;Jahr;2012;DLAND;Bundesländer;10;Saarland;32018
82111;VGR der Länder: Entstehungsrechnung;JAHR;Jahr;2012;DLAND;Bundesländer;14;Sachsen;101330
82111;VGR der Länder: Entstehungsrechnung;JAHR;Jahr;2012;DLAND;Bundesländer;15;Sachsen-Anhalt;54120
82111;VGR der Länder: Entstehungsrechnung;JAHR;Jahr;2012;DLAND;Bundesländer;01;Schleswig-Holstein;78768
82111;VGR der Länder: Entstehungsrechnung;JAHR;Jahr;2012;DLAND;Bundesländer;16;Thüringen;51363
82111;VGR der Länder: Entstehungsrechnung;JAHR;Jahr;2012;DINSG;Deutschland;DG;Deutschland;2745310
82111;VGR der Länder: Entstehungsrechnung;JAHR;Jahr;2013;DLAND;Bundesländer;08;Baden-Württemberg;425366
82111;VGR der Länder: Entstehungsrechnung;JAHR;Jahr;2013;DLAND;Bundesländer;09;Bayern;511943
82111;VGR der Länder: Entstehungsrechnung;JAHR;Jahr;2013;DLAND;Bundesländer;11;Berlin;112881
82111;VGR der Länder: Entstehungsrechnung;JAHR;Jahr;2013;DLAND;Bundesländer;12;Brandenburg;60537
82111;VGR der Länder: Entstehungsrechnung;JAHR;Jahr;2013;DLAND;Bundesländer;04;Bremen;28824
82111;VGR der Länder: Entstehungsrechnung;JAHR;Jahr;2013;DLAND;Bundesländer;02;Hamburg;101145
82111;VGR der Länder: Entstehungsrechnung;JAHR;Jahr;2013;DLAND;Bundesländer;06;Hessen;243459
82111;VGR der Länder: Entstehungsrechnung;JAHR;Jahr;2013;DLAND;Bundesländer;13;Mecklenburg-Vorpommern;37627
82111;VGR der Länder: Entstehungsrechnung;JAHR;Jahr;2013;DLAND;Bundesländer;03;Niedersachsen;247883
82111;VGR der Länder: Entstehungsrechnung;JAHR;Jahr;2013;DLAND;Bundesländer;05;Nordrhein-Westfalen;594356
82111;VGR der Länder: Entstehungsrechnung;JAHR;Jahr;2013;DLAND;Bundesländer;07;Rheinland-Pfalz;123016
82111;VGR der Länder: Entstehungsrechnung;JAHR;Jahr;2013;DLAND;Bundesländer;10;Saarland;31716
82111;VGR der Länder: Entstehungsrechnung;JAHR;Jahr;2013;DLAND;Bundesländer;14;Sachsen;104139
82111;VGR der Länder: Entstehungsrechnung;JAHR;Jahr;2013;DLAND;Bundesländer;15;Sachsen-Anhalt;55049
82111;VGR der Länder: Entstehungsrechnung;JAHR;Jahr;2013;DLAND;Bundesländer;01;Schleswig-Holstein;80007
82111;VGR der Länder: Entstehungsrechnung;JAHR;Jahr;2013;DLAND;Bundesländer;16;Thüringen;53401
82111;VGR der Länder: Entstehungsrechnung;JAHR;Jahr;2013;DINSG;Deutschland;DG;Deutschland;2811350
82111;VGR der Länder: Entstehungsrechnung;JAHR;Jahr;2014;DLAND;Bundesländer;08;Baden-Württemberg;442683
82111;VGR der Länder: Entstehungsrechnung;JAHR;Jahr;2014;DLAND;Bundesländer;09;Bayern;534066
82111;VGR der Länder: Entstehungsrechnung;JAHR;Jahr;2014;DLAND;Bundesländer;11;Berlin;118519
82111;VGR der Länder: Entstehungsrechnung;JAHR;Jahr;2014;DLAND;Bundesländer;12;Brandenburg;63742
82111;VGR der Länder: Entstehungsrechnung;JAHR;Jahr;2014;DLAND;Bundesländer;04;Bremen;29798
82111;VGR der Länder: Entstehungsrechnung;JAHR;Jahr;2014;DLAND;Bundesländer;02;Hamburg;103431
82111;VGR der Länder: Entstehungsrechnung;JAHR;Jahr;2014;DLAND;Bundesländer;06;Hessen;253765
82111;VGR der Länder: Entstehungsrechnung;JAHR;Jahr;2014;DLAND;Bundesländer;13;Mecklenburg-Vorpommern;39407
82111;VGR der Länder: Entstehungsrechnung;JAHR;Jahr;2014;DLAND;Bundesländer;03;Niedersachsen;259058
82111;VGR der Länder: Entstehungsrechnung;JAHR;Jahr;2014;DLAND;Bundesländer;05;Nordrhein-Westfalen;617470
82111;VGR der Länder: Entstehungsrechnung;JAHR;Jahr;2014;DLAND;Bundesländer;07;Rheinland-Pfalz;127528
82111;VGR der Länder: Entstehungsrechnung;JAHR;Jahr;2014;DLAND;Bundesländer;10;Saarland;33254
82111;VGR der Länder: Entstehungsrechnung;JAHR;Jahr;2014;DLAND;Bundesländer;14;Sachsen;109328
82111;VGR der Länder: Entstehungsrechnung;JAHR;Jahr;2014;DLAND;Bundesländer;15;Sachsen-Anhalt;56318
82111;VGR der Länder: Entstehungsrechnung;JAHR;Jahr;2014;DLAND;Bundesländer;01;Schleswig-Holstein;82868
82111;VGR der Länder: Entstehungsrechnung;JAHR;Jahr;2014;DLAND;Bundesländer;16;Thüringen;56197
82111;VGR der Länder: Entstehungsrechnung;JAHR;Jahr;2014;DINSG;Deutschland;DG;Deutschland;2927430
82111;VGR der Länder: Entstehungsrechnung;JAHR;Jahr;2015;DLAND;Bundesländer;08;Baden-Württemberg;463346
82111;VGR der Länder: Entstehungsrechnung;JAHR;Jahr;2015;DLAND;Bundesländer;09;Bayern;554688
82111;VGR der Länder: Entstehungsrechnung;JAHR;Jahr;2015;DLAND;Bundesländer;11;Berlin;124914
82111;VGR der Länder: Entstehungsrechnung;JAHR;Jahr;2015;DLAND;Bundesländer;12;Brandenburg;65348
82111;VGR der Länder: Entstehungsrechnung;JAHR;Jahr;2015;DLAND;Bundesländer;04;Bremen;30494
82111;VGR der Länder: Entstehungsrechnung;JAHR;Jahr;2015;DLAND;Bundesländer;02;Hamburg;108166
82111;VGR der Länder: Entstehungsrechnung;JAHR;Jahr;2015;DLAND;Bundesländer;06;Hessen;260263
82111;VGR der Länder: Entstehungsrechnung;JAHR;Jahr;2015;DLAND;Bundesländer;13;Mecklenburg-Vorpommern;40070
82111;VGR der Länder: Entstehungsrechnung;JAHR;Jahr;2015;DLAND;Bundesländer;03;Niedersachsen;261399
82111;VGR der Länder: Entstehungsrechnung;JAHR;Jahr;2015;DLAND;Bundesländer;05;Nordrhein-Westfalen;637270
82111;VGR der Länder: Entstehungsrechnung;JAHR;Jahr;2015;DLAND;Bundesländer;07;Rheinland-Pfalz;132924
82111;VGR der Länder: Entstehungsrechnung;JAHR;Jahr;2015;DLAND;Bundesländer;10;Saarland;34039
82111;VGR der Länder: Entstehungsrechnung;JAHR;Jahr;2015;DLAND;Bundesländer;14;Sachsen;113588
82111;VGR der Länder: Entstehungsrechnung;JAHR;Jahr;2015;DLAND;Bundesländer;15;Sachsen-Anhalt;57396
82111;VGR der Länder: Entstehungsrechnung;JAHR;Jahr;2015;DLAND;Bundesländer;01;Schleswig-Holstein;84799
82111;VGR der Länder: Entstehungsrechnung;JAHR;Jahr;2015;DLAND;Bundesländer;16;Thüringen;57476
82111;VGR der Länder: Entstehungsrechnung;JAHR;Jahr;2015;DINSG;Deutschland;DG;Deutschland;3026180
82111;VGR der Länder: Entstehungsrechnung;JAHR;Jahr;2016;DLAND;Bundesländer;08;Baden-Württemberg;474916
82111;VGR der Länder: Entstehungsrechnung;JAHR;Jahr;2016;DLAND;Bundesländer;09;Bayern;577717
82111;VGR der Länder: Entstehungsrechnung;JAHR;Jahr;2016;DLAND;Bundesländer;11;Berlin;133210
82111;VGR der Länder: Entstehungsrechnung;JAHR;Jahr;2016;DLAND;Bundesländer;12;Brandenburg;67453
82111;VGR der Länder: Entstehungsrechnung;JAHR;Jahr;2016;DLAND;Bundesländer;04;Bremen;31360
82111;VGR der Länder: Entstehungsrechnung;JAHR;Jahr;2016;DLAND;Bundesländer;02;Hamburg;110541
82111;VGR der Länder: Entstehungsrechnung;JAHR;Jahr;2016;DLAND;Bundesländer;06;Hessen;271155
82111;VGR der Länder: Entstehungsrechnung;JAHR;Jahr;2016;DLAND;Bundesländer;13;Mecklenburg-Vorpommern;41089
82111;VGR der Länder: Entstehungsrechnung;JAHR;Jahr;2016;DLAND;Bundesländer;03;Niedersachsen;280611
82111;VGR der Länder: Entstehungsrechnung;JAHR;Jahr;2016;DLAND;Bundesländer;05;Nordrhein-Westfalen;653375
82111;VGR der Länder: Entstehungsrechnung;JAHR;Jahr;2016;DLAND;Bundesländer;07;Rheinland-Pfalz;136301
82111;VGR der Länder: Entstehungsrechnung;JAHR;Jahr;2016;DLAND;Bundesländer;10;Saarland;34264
82111;VGR der Länder: Entstehungsrechnung;JAHR;Jahr;2016;DLAND;Bundesländer;14;Sachsen;117237
82111;VGR der Länder: Entstehungsrechnung;JAHR;Jahr;2016;DLAND;Bundesländer;15;Sachsen-Anhalt;58991
82111;VGR der Länder: Entstehungsrechnung;JAHR;Jahr;2016;DLAND;Bundesländer;01;Schleswig-Holstein;87512
82111;VGR der Länder: Entstehungsrechnung;JAHR;Jahr;2016;DLAND;Bundesländer;16;Thüringen;59008
82111;VGR der Länder: Entstehungsrechnung;JAHR;Jahr;2016;DINSG;Deutschland;DG;Deutschland;3134740
82111;VGR der Länder: Entstehungsrechnung;JAHR;Jahr;2017;DLAND;Bundesländer;08;Baden-Württemberg;497299
82111;VGR der Länder: Entstehungsrechnung;JAHR;Jahr;2017;DLAND;Bundesländer;09;Bayern;605752
82111;VGR der Länder: Entstehungsrechnung;JAHR;Jahr;2017;DLAND;Bundesländer;11;Berlin;141322
82111;VGR der Länder: Entstehungsrechnung;JAHR;Jahr;2017;DLAND;Bundesländer;12;Brandenburg;70644
82111;VGR der Länder: Entstehungsrechnung;JAHR;Jahr;2017;DLAND;Bundesländer;04;Bremen;32389
82111;VGR der Länder: Entstehungsrechnung;JAHR;Jahr;2017;DLAND;Bundesländer;02;Hamburg;116589
82111;VGR der Länder: Entstehungsrechnung;JAHR;Jahr;2017;DLAND;Bundesländer;06;Hessen;280094
82111;VGR der Länder: Entstehungsrechnung;JAHR;Jahr;2017;DLAND;Bundesländer;13;Mecklenburg-Vorpommern;44183
82111;VGR der Länder: Entstehungsrechnung;JAHR;Jahr;2017;DLAND;Bundesländer;03;Niedersachsen;287902
82111;VGR der Länder: Entstehungsrechnung;JAHR;Jahr;2017;DLAND;Bundesländer;05;Nordrhein-Westfalen;678970
82111;VGR der Länder: Entstehungsrechnung;JAHR;Jahr;2017;DLAND;Bundesländer;07;Rheinland-Pfalz;140117
82111;VGR der Länder: Entstehungsrechnung;JAHR;Jahr;2017;DLAND;Bundesländer;10;Saarland;35347
82111;VGR der Länder: Entstehungsrechnung;JAHR;Jahr;2017;DLAND;Bundesländer;14;Sachsen;121844
82111;VGR der Länder: Entstehungsrechnung;JAHR;Jahr;2017;DLAND;Bundesländer;15;Sachsen-Anhalt;60909
82111;VGR der Länder: Entstehungsrechnung;JAHR;Jahr;2017;DLAND;Bundesländer;01;Schleswig-Holstein;92620
82111;VGR der Länder: Entstehungsrechnung;JAHR;Jahr;2017;DLAND;Bundesländer;16;Thüringen;61180
82111;VGR der Länder: Entstehungsrechnung;JAHR;Jahr;2017;DINSG;Deutschland;DG;Deutschland;3267160
82111;VGR der Länder: Entstehungsrechnung;JAHR;Jahr;2018;DLAND;Bundesländer;08;Baden-Württemberg;516902
82111;VGR der Länder: Entstehungsrechnung;JAHR;Jahr;2018;DLAND;Bundesländer;09;Bayern;620188
82111;VGR der Länder: Entstehungsrechnung;JAHR;Jahr;2018;DLAND;Bundesländer;11;Berlin;149976
82111;VGR der Länder: Entstehungsrechnung;JAHR;Jahr;2018;DLAND;Bundesländer;12;Brandenburg;72824
82111;VGR der Länder: Entstehungsrechnung;JAHR;Jahr;2018;DLAND;Bundesländer;04;Bremen;32948
82111;VGR der Länder: Entstehungsrechnung;JAHR;Jahr;2018;DLAND;Bundesländer;02;Hamburg;119104
82111;VGR der Länder: Entstehungsrechnung;JAHR;Jahr;2018;DLAND;Bundesländer;06;Hessen;286444
82111;VGR der Länder: Entstehungsrechnung;JAHR;Jahr;2018;DLAND;Bundesländer;13;Mecklenburg-Vorpommern;44381
82111;VGR der Länder: Entstehungsrechnung;JAHR;Jahr;2018;DLAND;Bundesländer;03;Niedersachsen;297709
82111;VGR der Länder: Entstehungsrechnung;JAHR;Jahr;2018;DLAND;Bundesländer;05;Nordrhein-Westfalen;703343
82111;VGR der Länder: Entstehungsrechnung;JAHR;Jahr;2018;DLAND;Bundesländer;07;Rheinland-Pfalz;143284
82111;VGR der Länder: Entstehungsrechnung;JAHR;Jahr;2018;DLAND;Bundesländer;10;Saarland;35891
82111;VGR der Länder: Entstehungsrechnung;JAHR;Jahr;2018;DLAND;Bundesländer;14;Sachsen;125290
82111;VGR der Länder: Entstehungsrechnung;JAHR;Jahr;2018;DLAND;Bundesländer;15;Sachsen-Anhalt;62157
82111;VGR der Länder: Entstehungsrechnung;JAHR;Jahr;2018;DLAND;Bundesländer;01;Schleswig-Holstein;95120
82111;VGR der Länder: Entstehungsrechnung;JAHR;Jahr;2018;DLAND;Bundesländer;16;Thüringen;62299
82111;VGR der Länder: Entstehungsrechnung;JAHR;Jahr;2018;DINSG;Deutschland;DG;Deutschland;3367860
82111;VGR der Länder: Entstehungsrechnung;JAHR;Jahr;2019;DLAND;Bundesländer;08;Baden-Württemberg;526444
82111;VGR der Länder: Entstehungsrechnung;JAHR;Jahr;2019;DLAND;Bundesländer;09;Bayern;643366
82111;VGR der Länder: Entstehungsrechnung;JAHR;Jahr;2019;DLAND;Bundesländer;11;Berlin;157471
82111;VGR der Länder: Entstehungsrechnung;JAHR;Jahr;2019;DLAND;Bundesländer;12;Brandenburg;76205
82111;VGR der Länder: Entstehungsrechnung;JAHR;Jahr;2019;DLAND;Bundesländer;04;Bremen;33143
82111;VGR der Länder: Entstehungsrechnung;JAHR;Jahr;2019;DLAND;Bundesländer;02;Hamburg;124571
82111;VGR der Länder: Entstehungsrechnung;JAHR;Jahr;2019;DLAND;Bundesländer;06;Hessen;295417
82111;VGR der Länder: Entstehungsrechnung;JAHR;Jahr;2019;DLAND;Bundesländer;13;Mecklenburg-Vorpommern;47666
82111;VGR der Länder: Entstehungsrechnung;JAHR;Jahr;2019;DLAND;Bundesländer;03;Niedersachsen;310759
82111;VGR der Länder: Entstehungsrechnung;JAHR;Jahr;2019;DLAND;Bundesländer;05;Nordrhein-Westfalen;716514
82111;VGR der Länder: Entstehungsrechnung;JAHR;Jahr;2019;DLAND;Bundesländer;07;Rheinland-Pfalz;146984
82111;VGR der Länder: Entstehungsrechnung;JAHR;Jahr;2019;DLAND;Bundesländer;10;Saarland;35844
82111;VGR der Länder: Entstehungsrechnung;JAHR;Jahr;2019;DLAND;Bundesländer;14;Sachsen;130518
82111;VGR der Länder: Entstehungsrechnung;JAHR;Jahr;2019;DLAND;Bundesländer;15;Sachsen-Anhalt;64796
82111;VGR der Länder: Entstehungsrechnung;JAHR;Jahr;2019;DLAND;Bundesländer;01;Schleswig-Holstein;99724
82111;VGR der Länder: Entstehungsrechnung;JAHR;Jahr;2019;DLAND;Bundesländer;16;Thüringen;63930
82111;VGR der Länder: Entstehungsrechnung;JAHR;Jahr;2019;DINSG;Deutschland;DG;Deutschland;3473350
82111;VGR der Länder: Entstehungsrechnung;JAHR;Jahr;2020;DLAND;Bundesländer;08;Baden-Württemberg;505400
82111;VGR der Länder: Entstehungsrechnung;JAHR;Jahr;2020;DLAND;Bundesländer;09;Bayern;624403
82111;VGR der Länder: Entstehungsrechnung;JAHR;Jahr;2020;DLAND;Bundesländer;11;Berlin;154537
82111;VGR der Länder: Entstehungsrechnung;JAHR;Jahr;2020;DLAND;Bundesländer;12;Brandenburg;75291
82111;VGR der Länder: Entstehungsrechnung;JAHR;Jahr;2020;DLAND;Bundesländer;04;Bremen;32324
82111;VGR der Länder: Entstehungsrechnung;JAHR;Jahr;2020;DLAND;Bundesländer;02;Hamburg;117892
82111;VGR der Länder: Entstehungsrechnung;JAHR;Jahr;2020;DLAND;Bundesländer;06;Hessen;285450
82111;VGR der Länder: Entstehungsrechnung;JAHR;Jahr;2020;DLAND;Bundesländer;13;Mecklenburg-Vorpommern;46798
82111;VGR der Länder: Entstehungsrechnung;JAHR;Jahr;2020;DLAND;Bundesländer;03;Niedersachsen;301119
82111;VGR der Länder: Entstehungsrechnung;JAHR;Jahr;2020;DLAND;Bundesländer;05;Nordrhein-Westfalen;695148
82111;VGR der Länder: Entstehungsrechnung;JAHR;Jahr;2020;DLAND;Bundesländer;07;Rheinland-Pfalz;143287
82111;VGR der Länder: Entstehungsrechnung;JAHR;Jahr;2020;DLAND;Bundesländer;10;Saarland;34141
82111;VGR der Länder: Entstehungsrechnung;JAHR;Jahr;2020;DLAND;Bundesländer;14;Sachsen;127475
82111;VGR der Länder: Entstehungsrechnung;JAHR;Jahr;2020;DLAND;Bundesländer;15;Sachsen-Anhalt;63372
82111;VGR der Länder: Entstehungsrechnung;JAHR;Jahr;2020;DLAND;Bundesländer;01;Schleswig-Holstein;98600
82111;VGR der Länder: Entstehungsrechnung;JAHR;Jahr;2020;DLAND;Bundesländer;16;Thüringen;62323
82111;VGR der Länder: Entstehungsrechnung;JAHR;Jahr;2020;DINSG;Deutschland;DG;Deutschland;3367560
82111;VGR der Länder: Entstehungsrechnung;JAHR;Jahr;2021;DLAND;Bundesländer;08;Baden-Württemberg;536041
82111;VGR der Länder: Entstehungsrechnung;JAHR;Jahr;2021;DLAND;Bundesländer;09;Bayern;661541
82111;VGR der Länder: Entstehungsrechnung;JAHR;Jahr;2021;DLAND;Bundesländer;11;Berlin;162950
82111;VGR der Länder: Entstehungsrechnung;JAHR;Jahr;2021;DLAND;Bundesländer;12;Brandenburg;78656
82111;VGR der Länder: Entstehungsrechnung;JAHR;Jahr;2021;DLAND;Bundesländer;04;Bremen;34213
82111;VGR der Länder: Entstehungsrechnung;JAHR;Jahr;2021;DLAND;Bundesländer;02;Hamburg;126710
82111;VGR der Länder: Entstehungsrechnung;JAHR;Jahr;2021;DLAND;Bundesländer;06;Hessen;302532
82111;VGR der Länder: Entstehungsrechnung;JAHR;Jahr;2021;DLAND;Bundesländer;13;Mecklenburg-Vorpommern;49461
82111;VGR der Länder: Entstehungsrechnung;JAHR;Jahr;2021;DLAND;Bundesländer;03;Niedersachsen;315808
82111;VGR der Länder: Entstehungsrechnung;JAHR;Jahr;2021;DLAND;Bundesländer;05;Nordrhein-Westfalen;733257
82111;VGR der Länder: Entstehungsrechnung;JAHR;Jahr;2021;DLAND;Bundesländer;07;Rheinland-Pfalz;162220
82111;VGR der Länder: Entstehungsrechnung;JAHR;Jahr;2021;DLAND;Bundesländer;10;Saarland;35638
82111;VGR der Länder: Entstehungsrechnung;JAHR;Jahr;2021;DLAND;Bundesländer;14;Sachsen;134511
82111;VGR der Länder: Entstehungsrechnung;JAHR;Jahr;2021;DLAND;Bundesländer;15;Sachsen-Anhalt;67111
82111;VGR der Länder: Entstehungsrechnung;JAHR;Jahr;2021;DLAND;Bundesländer;01;Schleswig-Holstein;104506
82111;VGR der Länder: Entstehungsrechnung;JAHR;Jahr;2021;DLAND;Bundesländer;16;Thüringen;65466
82111;VGR der Länder: Entstehungsrechnung;JAHR;Jahr;2021;DINSG;Deutschland;DG;Deutschland;3570620
